contig_1	10
contig_10	43
contig_100	45
contig_1000	41
contig_1001	26
contig_1002	11
contig_1003	30
contig_1004	4
contig_1005	32
contig_1006	19
contig_1007	17
contig_1008	17
contig_1009	31
contig_101	30
contig_1010	2
contig_1011	10
contig_1012	21
contig_1013	28
contig_1014	10
contig_1015	4
contig_1016	34
contig_1017	12
contig_1018	1
contig_1019	41
contig_102	13
contig_1020	38
contig_1021	21
contig_1022	30
contig_1023	41
contig_1024	38
contig_1025	32
contig_1026	16
contig_1027	16
contig_1028	37
contig_1029	19
contig_103	2
contig_1030	22
contig_1031	41
contig_1032	4
contig_1033	42
contig_1034	32
contig_1035	45
contig_1036	4
contig_1037	38
contig_1038	33
contig_1039	12
contig_104	36
contig_1040	47
contig_1041	30
contig_1042	31
contig_1043	26
contig_1045	17
contig_1046	6
contig_1047	36
contig_1048	31
contig_1049	4
contig_105	46
contig_1050	40
contig_1051	28
contig_1052	1
contig_1053	19
contig_1054	15
contig_1055	48
contig_1056	31
contig_1057	37
contig_1058	35
contig_1059	30
contig_106	28
contig_1060	45
contig_1061	46
contig_1062	36
contig_1064	32
contig_1065	18
contig_1066	9
contig_1067	4
contig_1068	33
contig_1069	47
contig_107	4
contig_1070	44
contig_1072	2
contig_1073	43
contig_1074	39
contig_1075	44
contig_1076	32
contig_1077	1
contig_1078	32
contig_1079	8
contig_108	4
contig_1080	4
contig_1081	4
contig_1082	3
contig_1083	17
contig_1084	45
contig_1085	49
contig_1086	10
contig_1087	17
contig_1088	32
contig_1089	11
contig_109	10
contig_1090	22
contig_1091	15
contig_1092	29
contig_1093	31
contig_1094	1
contig_1095	37
contig_1096	4
contig_1097	31
contig_1098	46
contig_1099	9
contig_11	11
contig_110	46
contig_1101	16
contig_1102	9
contig_1103	12
contig_1104	46
contig_1105	31
contig_1106	11
contig_1107	33
contig_1108	24
contig_1109	28
contig_111	22
contig_1110	32
contig_1111	4
contig_1112	9
contig_1113	48
contig_1114	31
contig_1115	6
contig_1116	16
contig_1117	28
contig_1118	1
contig_1119	15
contig_112	10
contig_1120	48
contig_1121	49
contig_1122	10
contig_1123	1
contig_1124	22
contig_1125	10
contig_1126	9
contig_1127	30
contig_1128	41
contig_1129	43
contig_113	11
contig_1130	5
contig_1131	17
contig_1132	1
contig_1133	20
contig_1134	44
contig_1135	11
contig_1136	1
contig_1137	1
contig_1138	19
contig_1139	29
contig_114	12
contig_1140	22
contig_1141	44
contig_1142	29
contig_1143	45
contig_1144	47
contig_1145	40
contig_1146	2
contig_1147	26
contig_1148	10
contig_1149	26
contig_115	13
contig_1150	38
contig_1151	28
contig_1152	7
contig_1153	10
contig_1154	40
contig_1155	17
contig_1156	11
contig_1157	5
contig_1158	16
contig_1159	22
contig_116	28
contig_1160	49
contig_1161	44
contig_1162	48
contig_1163	9
contig_1164	32
contig_1165	22
contig_1166	47
contig_1167	36
contig_1168	47
contig_1169	9
contig_117	19
contig_1170	16
contig_1171	41
contig_1172	41
contig_1173	6
contig_1174	46
contig_1175	19
contig_1176	12
contig_1177	9
contig_1178	11
contig_1179	37
contig_118	49
contig_1180	48
contig_1181	49
contig_1182	12
contig_1183	4
contig_1184	39
contig_1185	0
contig_1186	24
contig_1187	37
contig_1188	9
contig_1189	12
contig_119	42
contig_1190	33
contig_1191	9
contig_1192	10
contig_1193	39
contig_1194	48
contig_1195	4
contig_1196	48
contig_1197	33
contig_1198	19
contig_1199	46
contig_12	26
contig_120	12
contig_1200	33
contig_1201	45
contig_1202	28
contig_1203	44
contig_1204	32
contig_1205	41
contig_1206	14
contig_1207	41
contig_1208	14
contig_1209	1
contig_121	22
contig_1210	24
contig_1211	24
contig_1212	44
contig_1213	0
contig_1214	46
contig_1215	19
contig_1216	33
contig_1217	19
contig_1218	6
contig_1219	30
contig_1220	31
contig_1221	34
contig_1222	38
contig_1223	49
contig_1224	38
contig_1225	36
contig_1226	1
contig_1227	3
contig_1228	19
contig_1229	2
contig_123	29
contig_1230	41
contig_1231	19
contig_1232	28
contig_1233	45
contig_1234	18
contig_1235	1
contig_1236	35
contig_1237	2
contig_1238	0
contig_1239	16
contig_124	44
contig_1240	17
contig_1241	1
contig_1242	14
contig_1243	41
contig_1244	48
contig_1245	7
contig_1246	12
contig_1247	1
contig_1248	27
contig_1249	31
contig_125	4
contig_1250	6
contig_1251	44
contig_1252	1
contig_1253	35
contig_1254	1
contig_1255	13
contig_1256	8
contig_1257	46
contig_1258	26
contig_1259	8
contig_126	10
contig_1260	10
contig_1261	19
contig_1262	45
contig_1263	19
contig_1264	26
contig_1265	4
contig_1266	46
contig_1267	14
contig_1268	36
contig_1269	28
contig_127	28
contig_1270	1
contig_1271	1
contig_1272	30
contig_1274	11
contig_1275	46
contig_1276	4
contig_1277	22
contig_1278	10
contig_1279	9
contig_128	10
contig_1280	21
contig_1281	21
contig_1282	26
contig_1283	24
contig_1284	36
contig_1285	1
contig_1286	36
contig_1287	38
contig_1288	41
contig_1289	19
contig_129	3
contig_1290	4
contig_1291	31
contig_1292	37
contig_1293	49
contig_1294	12
contig_1295	24
contig_1296	28
contig_1298	34
contig_1299	4
contig_13	45
contig_130	15
contig_1300	19
contig_1301	21
contig_1302	1
contig_1303	38
contig_1304	14
contig_1305	38
contig_1306	9
contig_1307	12
contig_1308	38
contig_1309	39
contig_131	42
contig_1310	3
contig_1311	43
contig_1312	24
contig_1313	46
contig_1314	29
contig_1315	38
contig_1316	39
contig_1317	44
contig_1318	47
contig_1319	38
contig_132	41
contig_1320	32
contig_1321	30
contig_1322	35
contig_1323	14
contig_1324	32
contig_1325	26
contig_1326	9
contig_1327	17
contig_1328	36
contig_1329	1
contig_133	14
contig_1330	12
contig_1331	41
contig_1332	33
contig_1333	34
contig_1334	46
contig_1335	46
contig_1336	26
contig_1337	2
contig_1339	16
contig_134	11
contig_1340	40
contig_1341	30
contig_1342	38
contig_1343	12
contig_1344	30
contig_1345	39
contig_1346	19
contig_1347	41
contig_1348	22
contig_1349	4
contig_135	11
contig_1350	22
contig_1351	24
contig_1352	10
contig_1353	28
contig_1354	14
contig_1355	24
contig_1356	17
contig_1357	12
contig_1358	7
contig_1359	9
contig_136	19
contig_1360	49
contig_1361	47
contig_1362	32
contig_1363	9
contig_1364	22
contig_1365	31
contig_1366	16
contig_1367	19
contig_1368	26
contig_1369	4
contig_137	36
contig_1370	11
contig_1371	9
contig_1372	32
contig_1373	33
contig_1374	11
contig_1375	9
contig_1376	24
contig_1377	2
contig_1378	20
contig_1379	4
contig_138	0
contig_1382	35
contig_1383	9
contig_1384	6
contig_1385	30
contig_1386	2
contig_1387	19
contig_1388	1
contig_1389	10
contig_139	4
contig_1390	43
contig_1391	3
contig_1392	39
contig_1393	4
contig_1394	16
contig_1395	14
contig_1396	48
contig_1397	16
contig_1398	10
contig_1399	38
contig_14	22
contig_140	22
contig_1400	4
contig_1401	40
contig_1403	19
contig_1404	36
contig_1405	49
contig_1406	22
contig_1407	17
contig_1408	10
contig_1409	49
contig_141	18
contig_1410	14
contig_1411	17
contig_1412	0
contig_1413	19
contig_1414	4
contig_1415	9
contig_1416	4
contig_1417	14
contig_1418	9
contig_1419	26
contig_142	14
contig_1420	17
contig_1421	14
contig_1422	0
contig_1423	38
contig_1424	26
contig_1425	11
contig_1426	6
contig_1427	4
contig_1428	38
contig_1429	38
contig_143	4
contig_1430	1
contig_1431	13
contig_1432	13
contig_1433	23
contig_1434	38
contig_1435	28
contig_1436	3
contig_1437	40
contig_1438	34
contig_1439	10
contig_144	17
contig_1440	8
contig_1441	0
contig_1442	33
contig_1443	17
contig_1444	40
contig_1446	46
contig_1447	9
contig_1448	41
contig_1449	12
contig_145	41
contig_1450	12
contig_1451	7
contig_1452	40
contig_1453	14
contig_1454	1
contig_1455	14
contig_1456	22
contig_1457	1
contig_1458	8
contig_1459	14
contig_146	1
contig_1460	4
contig_1461	4
contig_1462	13
contig_1463	44
contig_1464	28
contig_1465	46
contig_1466	17
contig_1467	6
contig_1468	11
contig_1469	46
contig_147	45
contig_1470	21
contig_1471	0
contig_1472	4
contig_1473	12
contig_1474	39
contig_1475	12
contig_1476	2
contig_1477	34
contig_1478	22
contig_1479	26
contig_148	31
contig_1480	47
contig_1481	24
contig_1482	40
contig_1483	7
contig_1485	37
contig_1486	2
contig_1487	2
contig_1488	28
contig_1489	12
contig_149	17
contig_1490	49
contig_1491	18
contig_1492	33
contig_1493	17
contig_1494	19
contig_1495	22
contig_1496	9
contig_1497	2
contig_1498	31
contig_1499	37
contig_15	49
contig_150	13
contig_1500	17
contig_1501	17
contig_1502	4
contig_1503	30
contig_1504	26
contig_1505	37
contig_1506	10
contig_1507	6
contig_1508	5
contig_1509	9
contig_151	19
contig_1510	1
contig_1511	24
contig_1512	32
contig_1513	22
contig_1514	1
contig_1515	16
contig_1516	10
contig_1517	22
contig_1518	22
contig_1519	32
contig_152	41
contig_1520	3
contig_1521	39
contig_1522	15
contig_1523	46
contig_1524	24
contig_1525	39
contig_1526	42
contig_1527	19
contig_1528	6
contig_1529	24
contig_153	1
contig_1530	1
contig_1531	10
contig_1532	33
contig_1533	46
contig_1534	36
contig_1535	6
contig_1536	2
contig_1537	45
contig_1538	22
contig_1539	20
contig_154	21
contig_1540	32
contig_1541	8
contig_1542	10
contig_1543	19
contig_1544	36
contig_1545	1
contig_1546	48
contig_1547	16
contig_1548	28
contig_1549	45
contig_155	45
contig_1550	22
contig_1551	8
contig_1552	9
contig_1553	33
contig_1554	9
contig_1555	39
contig_1556	14
contig_1557	11
contig_1558	49
contig_1559	44
contig_156	2
contig_1560	1
contig_1561	31
contig_1562	31
contig_1563	1
contig_1564	25
contig_1565	29
contig_1566	6
contig_1567	30
contig_1568	21
contig_1569	20
contig_157	39
contig_1570	29
contig_1571	22
contig_1572	33
contig_1573	17
contig_1574	22
contig_1575	43
contig_1576	36
contig_1577	37
contig_1578	5
contig_158	22
contig_1580	28
contig_1581	14
contig_1582	33
contig_1583	41
contig_1584	13
contig_1585	38
contig_1586	19
contig_1587	10
contig_1588	30
contig_1589	1
contig_159	38
contig_1590	31
contig_1591	12
contig_1593	30
contig_1594	21
contig_1596	23
contig_1597	12
contig_1598	11
contig_1599	3
contig_16	10
contig_160	38
contig_1600	1
contig_1601	39
contig_1602	29
contig_1603	22
contig_1604	24
contig_1605	28
contig_1606	37
contig_1607	28
contig_1608	28
contig_1609	22
contig_161	41
contig_1610	48
contig_1611	40
contig_1612	2
contig_1613	8
contig_1614	14
contig_1615	0
contig_1616	28
contig_1617	30
contig_1618	33
contig_1619	0
contig_162	19
contig_1620	36
contig_1621	42
contig_1622	43
contig_1623	9
contig_1624	42
contig_1625	10
contig_1626	17
contig_1627	28
contig_1628	24
contig_1629	22
contig_163	38
contig_1630	26
contig_1631	28
contig_1632	0
contig_1633	4
contig_1634	22
contig_1635	16
contig_1636	22
contig_1637	14
contig_1638	26
contig_1639	40
contig_164	12
contig_1640	11
contig_1641	33
contig_1642	1
contig_1643	14
contig_1644	41
contig_1645	14
contig_1646	19
contig_1647	3
contig_1648	6
contig_1649	46
contig_165	26
contig_1650	41
contig_1651	12
contig_1652	2
contig_1653	22
contig_1654	28
contig_1655	28
contig_1656	7
contig_1657	17
contig_1658	36
contig_1659	6
contig_166	14
contig_1660	38
contig_1661	21
contig_1662	42
contig_1664	44
contig_1665	11
contig_1666	12
contig_1667	26
contig_1668	1
contig_1669	19
contig_167	17
contig_1670	41
contig_1671	18
contig_1672	41
contig_1673	46
contig_1674	36
contig_1675	1
contig_1676	10
contig_1677	48
contig_1678	1
contig_1679	32
contig_168	31
contig_1680	21
contig_1681	8
contig_1682	12
contig_1683	12
contig_1684	24
contig_1685	28
contig_1686	17
contig_1687	12
contig_1688	10
contig_1689	14
contig_169	31
contig_1690	20
contig_1691	20
contig_1692	28
contig_1693	16
contig_1694	12
contig_1695	14
contig_1696	2
contig_1697	23
contig_1698	45
contig_1699	22
contig_17	5
contig_170	13
contig_1700	11
contig_1701	21
contig_1702	7
contig_1703	1
contig_1704	35
contig_1705	19
contig_1706	1
contig_1707	4
contig_1708	24
contig_1709	28
contig_1710	0
contig_1711	12
contig_1712	41
contig_1713	24
contig_1714	12
contig_1715	32
contig_1716	12
contig_1717	4
contig_1718	49
contig_1719	22
contig_172	27
contig_1720	37
contig_1721	11
contig_1722	32
contig_1723	19
contig_1724	35
contig_1725	9
contig_1726	27
contig_1727	46
contig_1728	12
contig_1729	28
contig_173	0
contig_1730	49
contig_1731	36
contig_1732	12
contig_1733	38
contig_1735	7
contig_1736	38
contig_1737	16
contig_1738	4
contig_1739	4
contig_174	30
contig_1740	14
contig_1741	18
contig_1742	17
contig_1743	18
contig_1745	36
contig_1747	9
contig_1748	20
contig_1749	39
contig_175	1
contig_1750	49
contig_1751	5
contig_1752	11
contig_1753	4
contig_1754	22
contig_1755	8
contig_1756	46
contig_1757	22
contig_1758	30
contig_1759	10
contig_176	49
contig_1760	9
contig_1761	44
contig_1762	11
contig_1763	10
contig_1764	32
contig_1765	13
contig_1766	38
contig_1767	28
contig_1768	19
contig_1769	46
contig_1771	17
contig_1772	39
contig_1773	22
contig_1774	49
contig_1775	26
contig_1776	1
contig_1777	44
contig_1778	18
contig_1779	33
contig_178	48
contig_1780	30
contig_1781	31
contig_1782	31
contig_1783	44
contig_1784	46
contig_1785	49
contig_1786	19
contig_1787	48
contig_1788	0
contig_1789	22
contig_179	14
contig_1790	14
contig_1791	4
contig_1792	17
contig_1793	0
contig_1794	29
contig_1795	33
contig_1796	12
contig_1797	17
contig_1798	31
contig_1799	19
contig_18	49
contig_180	47
contig_1800	12
contig_1801	19
contig_1802	9
contig_1803	7
contig_1804	40
contig_1805	7
contig_1806	44
contig_1807	17
contig_1808	38
contig_1809	12
contig_181	1
contig_1810	46
contig_1811	43
contig_1812	22
contig_1813	22
contig_1814	11
contig_1815	11
contig_1816	11
contig_1817	30
contig_1818	19
contig_1819	44
contig_182	46
contig_1820	35
contig_1821	33
contig_1822	24
contig_1823	7
contig_1824	39
contig_1825	0
contig_1826	25
contig_1827	39
contig_1828	11
contig_1829	0
contig_183	48
contig_1830	1
contig_1831	46
contig_1832	32
contig_1833	26
contig_1834	32
contig_1835	46
contig_1836	10
contig_1837	31
contig_1838	38
contig_1839	31
contig_184	4
contig_1840	26
contig_1841	46
contig_1842	17
contig_1843	10
contig_1844	36
contig_1845	49
contig_1846	3
contig_1847	49
contig_1848	12
contig_1849	19
contig_185	30
contig_1850	11
contig_1851	19
contig_1852	12
contig_1853	2
contig_1854	44
contig_1855	4
contig_1856	28
contig_1857	17
contig_1858	26
contig_1859	46
contig_186	1
contig_1860	32
contig_1861	20
contig_1862	30
contig_1863	6
contig_1864	39
contig_1865	1
contig_1866	46
contig_1867	22
contig_1868	42
contig_1869	47
contig_187	42
contig_1870	7
contig_1871	11
contig_1872	4
contig_1873	16
contig_1874	46
contig_1875	39
contig_1876	21
contig_1877	8
contig_1878	26
contig_1879	22
contig_188	46
contig_1880	18
contig_1881	1
contig_1882	33
contig_1883	17
contig_1884	3
contig_1885	47
contig_1886	1
contig_1887	30
contig_1888	7
contig_1889	2
contig_1890	19
contig_1891	14
contig_1892	17
contig_1893	19
contig_1894	11
contig_1895	12
contig_1896	24
contig_1897	45
contig_1898	30
contig_1899	8
contig_19	18
contig_190	22
contig_1900	4
contig_1902	1
contig_1903	28
contig_1904	3
contig_1905	2
contig_1906	30
contig_1907	38
contig_1908	33
contig_1909	35
contig_191	14
contig_1910	19
contig_1911	40
contig_1912	21
contig_1913	9
contig_1914	4
contig_1915	48
contig_1916	26
contig_1917	20
contig_1918	11
contig_1919	7
contig_192	20
contig_1920	10
contig_1921	43
contig_1922	40
contig_1923	18
contig_1924	13
contig_1925	4
contig_1926	33
contig_1927	31
contig_1928	16
contig_1929	32
contig_193	44
contig_1930	30
contig_1931	33
contig_1932	47
contig_1933	41
contig_1934	46
contig_1935	14
contig_1936	26
contig_1937	17
contig_1938	17
contig_1939	22
contig_194	30
contig_1940	31
contig_1941	9
contig_1942	38
contig_1943	21
contig_1944	4
contig_1945	26
contig_1946	9
contig_1947	38
contig_1948	2
contig_1949	47
contig_195	1
contig_1950	26
contig_1951	26
contig_1952	40
contig_1953	4
contig_1954	41
contig_1955	7
contig_1956	17
contig_1957	4
contig_1958	36
contig_1959	48
contig_196	6
contig_1960	12
contig_1961	19
contig_1962	10
contig_1963	16
contig_1964	21
contig_1965	48
contig_1966	16
contig_1967	46
contig_1968	14
contig_1969	44
contig_197	22
contig_1970	31
contig_1971	11
contig_1973	31
contig_1974	32
contig_1975	17
contig_1976	23
contig_1977	31
contig_1978	24
contig_1979	38
contig_198	33
contig_1980	37
contig_1981	32
contig_1982	21
contig_1983	1
contig_1984	40
contig_1985	12
contig_1986	6
contig_1987	26
contig_1988	22
contig_199	30
contig_1990	9
contig_1991	11
contig_1992	19
contig_1993	16
contig_1994	31
contig_1995	30
contig_1996	39
contig_1997	40
contig_1998	36
contig_1999	3
contig_2	45
contig_20	0
contig_200	14
contig_2000	26
contig_2001	18
contig_2002	9
contig_2004	36
contig_2005	26
contig_2006	47
contig_2007	46
contig_2008	40
contig_2009	39
contig_201	46
contig_2010	12
contig_2011	9
contig_2012	9
contig_2013	41
contig_2014	31
contig_2015	47
contig_2016	47
contig_2017	47
contig_2018	9
contig_2019	38
contig_202	10
contig_2020	32
contig_2021	30
contig_2022	14
contig_2023	26
contig_2024	20
contig_2025	0
contig_2026	13
contig_2027	12
contig_2028	7
contig_2029	11
contig_203	8
contig_2030	12
contig_2031	19
contig_2032	6
contig_2033	17
contig_2034	35
contig_2035	45
contig_2036	11
contig_2037	31
contig_2038	36
contig_2039	1
contig_204	24
contig_2040	33
contig_2041	32
contig_2042	2
contig_2043	19
contig_2044	36
contig_2045	13
contig_2046	1
contig_2047	33
contig_2048	19
contig_2049	28
contig_205	23
contig_2050	46
contig_2051	35
contig_2052	1
contig_2053	19
contig_2054	4
contig_2055	24
contig_2056	45
contig_2057	8
contig_2058	48
contig_2059	46
contig_206	13
contig_2060	35
contig_2061	28
contig_2062	21
contig_2063	28
contig_2064	46
contig_2065	28
contig_2066	1
contig_2067	28
contig_2068	13
contig_2069	6
contig_207	20
contig_2070	24
contig_2071	22
contig_2072	26
contig_2073	36
contig_2074	1
contig_2075	30
contig_2076	4
contig_2077	41
contig_2078	23
contig_2079	19
contig_208	49
contig_2080	42
contig_2081	45
contig_2082	21
contig_2083	4
contig_2084	49
contig_2085	9
contig_2086	19
contig_2087	40
contig_2088	28
contig_2089	4
contig_209	22
contig_2090	31
contig_2091	31
contig_2092	46
contig_2093	22
contig_2094	22
contig_2095	43
contig_2096	12
contig_2097	32
contig_2098	36
contig_2099	49
contig_21	26
contig_210	20
contig_2100	7
contig_2101	44
contig_2102	34
contig_2103	13
contig_2104	47
contig_2105	2
contig_2106	7
contig_2107	14
contig_2109	48
contig_211	41
contig_2110	21
contig_2111	39
contig_2112	24
contig_2114	28
contig_2115	12
contig_2116	33
contig_2117	37
contig_2118	38
contig_2119	7
contig_212	0
contig_2120	30
contig_2121	30
contig_2122	21
contig_2123	22
contig_2124	31
contig_2125	4
contig_2126	32
contig_2127	33
contig_2128	11
contig_2129	11
contig_213	32
contig_2130	30
contig_2131	43
contig_2132	31
contig_2133	4
contig_2134	22
contig_2135	19
contig_2136	9
contig_2138	17
contig_2139	9
contig_2140	4
contig_2141	0
contig_2142	39
contig_2143	31
contig_2144	38
contig_2145	9
contig_2146	1
contig_2147	22
contig_2148	22
contig_2149	10
contig_215	26
contig_2150	46
contig_2151	2
contig_2152	9
contig_2153	19
contig_2154	43
contig_2155	38
contig_2156	8
contig_2157	7
contig_2158	21
contig_2159	37
contig_216	28
contig_2160	19
contig_2161	8
contig_2162	1
contig_2164	14
contig_2165	11
contig_2166	5
contig_2167	4
contig_2168	2
contig_2169	6
contig_217	11
contig_2170	19
contig_2171	35
contig_2172	29
contig_2173	28
contig_2174	35
contig_2175	19
contig_2176	14
contig_2177	48
contig_2178	10
contig_2179	47
contig_218	13
contig_2180	2
contig_2181	6
contig_2183	24
contig_2185	36
contig_2186	21
contig_2187	39
contig_2188	9
contig_2189	29
contig_219	49
contig_2190	34
contig_2192	14
contig_2193	39
contig_2194	31
contig_2195	36
contig_2196	47
contig_2197	22
contig_2198	41
contig_2199	11
contig_22	12
contig_220	39
contig_2200	1
contig_2202	1
contig_2203	1
contig_2204	5
contig_2205	16
contig_2206	47
contig_2207	20
contig_2208	27
contig_2209	12
contig_221	23
contig_2210	10
contig_2211	33
contig_2212	17
contig_2213	32
contig_2214	47
contig_2215	2
contig_2216	11
contig_2218	4
contig_2219	10
contig_222	21
contig_2220	32
contig_2221	24
contig_2222	43
contig_2223	4
contig_2224	31
contig_2225	33
contig_2226	4
contig_2227	2
contig_2228	37
contig_2229	2
contig_223	1
contig_2230	13
contig_2231	18
contig_2232	46
contig_2233	4
contig_2234	40
contig_2235	46
contig_2236	22
contig_2237	4
contig_2238	12
contig_2239	47
contig_224	32
contig_2240	4
contig_2241	38
contig_2242	22
contig_2243	4
contig_2244	4
contig_2245	31
contig_2246	49
contig_2247	9
contig_2248	1
contig_2249	4
contig_225	44
contig_2250	21
contig_2251	30
contig_2252	38
contig_2253	30
contig_2254	22
contig_2255	24
contig_2256	10
contig_2257	47
contig_2258	9
contig_2259	22
contig_226	31
contig_2260	11
contig_2261	26
contig_2262	7
contig_2263	32
contig_2264	34
contig_2265	15
contig_2266	31
contig_2267	39
contig_2268	28
contig_2269	6
contig_227	1
contig_2270	46
contig_2271	24
contig_2273	0
contig_2275	30
contig_2276	46
contig_2277	21
contig_2278	19
contig_2279	10
contig_228	43
contig_2280	10
contig_2281	6
contig_2282	20
contig_2283	31
contig_2284	4
contig_2285	8
contig_2286	34
contig_2287	9
contig_2288	21
contig_2289	41
contig_229	6
contig_2291	31
contig_2292	13
contig_2293	1
contig_2294	14
contig_2295	36
contig_2296	12
contig_2297	38
contig_2298	42
contig_2299	18
contig_23	26
contig_230	16
contig_2300	28
contig_2301	4
contig_2302	41
contig_2303	18
contig_2304	27
contig_2305	20
contig_2306	26
contig_2307	38
contig_2308	3
contig_2309	4
contig_231	38
contig_2310	28
contig_2311	12
contig_2312	36
contig_2313	1
contig_2314	23
contig_2315	44
contig_2316	4
contig_2317	22
contig_2318	36
contig_2319	16
contig_232	32
contig_2320	17
contig_2321	6
contig_2322	39
contig_2323	26
contig_2324	1
contig_2325	1
contig_2326	19
contig_2327	20
contig_2328	46
contig_2329	39
contig_233	29
contig_2330	47
contig_2331	42
contig_2332	1
contig_2333	22
contig_2334	6
contig_2335	9
contig_2336	14
contig_2337	3
contig_2338	3
contig_2339	41
contig_234	8
contig_2340	33
contig_2341	40
contig_2342	10
contig_2343	0
contig_2344	4
contig_2345	12
contig_2346	21
contig_2347	12
contig_2348	12
contig_2349	22
contig_235	22
contig_2350	9
contig_2351	28
contig_2352	19
contig_2353	10
contig_2354	11
contig_2355	46
contig_2356	7
contig_2357	6
contig_2358	23
contig_2359	9
contig_236	8
contig_2360	39
contig_2361	46
contig_2362	31
contig_2363	37
contig_2364	29
contig_2365	43
contig_2366	20
contig_2367	21
contig_2368	31
contig_2369	10
contig_237	3
contig_2370	12
contig_2371	36
contig_2372	3
contig_2373	3
contig_2374	27
contig_2375	30
contig_2376	21
contig_2377	37
contig_2378	31
contig_2379	1
contig_238	31
contig_2380	2
contig_2382	10
contig_2383	12
contig_2384	14
contig_2385	9
contig_2386	9
contig_2388	40
contig_2389	26
contig_239	30
contig_2390	12
contig_2391	31
contig_2392	37
contig_2393	9
contig_2394	38
contig_2395	16
contig_2396	44
contig_2397	45
contig_2398	7
contig_2399	6
contig_24	45
contig_240	36
contig_2400	48
contig_2401	48
contig_2402	17
contig_2403	4
contig_2404	4
contig_2405	6
contig_2406	4
contig_2407	46
contig_2408	9
contig_2409	20
contig_241	26
contig_2410	33
contig_2411	12
contig_2412	36
contig_2413	6
contig_2414	9
contig_2415	24
contig_2416	41
contig_2417	46
contig_2418	4
contig_2419	30
contig_242	4
contig_2420	10
contig_2421	31
contig_2422	20
contig_2423	19
contig_2424	47
contig_2425	49
contig_2426	46
contig_2427	10
contig_2428	5
contig_2429	10
contig_243	3
contig_2430	32
contig_2431	22
contig_2432	11
contig_2433	12
contig_2434	29
contig_2435	4
contig_2436	20
contig_2437	19
contig_2438	31
contig_2439	37
contig_244	29
contig_2440	24
contig_2441	48
contig_2442	22
contig_2443	12
contig_2444	4
contig_2445	31
contig_2446	20
contig_2447	26
contig_2448	4
contig_2449	33
contig_245	17
contig_2450	18
contig_2451	12
contig_2452	4
contig_2453	27
contig_2454	4
contig_2455	46
contig_2456	28
contig_2457	1
contig_2458	25
contig_2459	40
contig_246	48
contig_2460	9
contig_2461	33
contig_2462	31
contig_2463	46
contig_2464	28
contig_2465	21
contig_2466	9
contig_2467	33
contig_2468	10
contig_2469	15
contig_247	11
contig_2470	23
contig_2471	3
contig_2472	14
contig_2473	14
contig_2474	3
contig_2475	32
contig_2476	46
contig_2477	47
contig_2478	7
contig_2479	24
contig_248	33
contig_2480	6
contig_2481	9
contig_2482	36
contig_2483	36
contig_2484	4
contig_2485	4
contig_2486	22
contig_2487	31
contig_2488	31
contig_2489	12
contig_249	4
contig_2491	47
contig_2492	36
contig_2493	14
contig_2494	2
contig_2495	15
contig_2496	11
contig_2497	10
contig_2498	34
contig_2499	2
contig_25	3
contig_250	13
contig_2500	17
contig_2501	16
contig_2502	40
contig_2503	40
contig_2504	40
contig_2505	11
contig_2506	48
contig_2507	18
contig_2508	6
contig_2509	48
contig_251	9
contig_2510	22
contig_2511	8
contig_2512	0
contig_2513	13
contig_2514	19
contig_2515	1
contig_2516	36
contig_2517	19
contig_2518	22
contig_2519	24
contig_252	5
contig_2520	18
contig_2521	12
contig_2522	41
contig_2523	17
contig_2524	4
contig_2525	4
contig_2526	33
contig_2527	21
contig_2528	24
contig_2529	0
contig_253	6
contig_2530	28
contig_2531	2
contig_2532	32
contig_2533	1
contig_2534	38
contig_2535	45
contig_2536	31
contig_2537	6
contig_2538	31
contig_2539	28
contig_254	9
contig_2540	35
contig_2541	10
contig_2543	29
contig_2544	10
contig_2545	26
contig_2546	2
contig_2547	11
contig_2548	48
contig_255	17
contig_2550	11
contig_2551	24
contig_2552	23
contig_2553	1
contig_2554	16
contig_2555	46
contig_2556	4
contig_2557	6
contig_2558	34
contig_2559	11
contig_256	28
contig_2560	6
contig_2561	2
contig_2562	46
contig_2563	0
contig_2564	16
contig_2565	40
contig_2566	35
contig_2567	19
contig_2568	9
contig_2569	27
contig_257	13
contig_2570	11
contig_2571	22
contig_2572	11
contig_2573	29
contig_2574	19
contig_2575	48
contig_2576	48
contig_2577	1
contig_2578	46
contig_2579	12
contig_258	5
contig_2580	46
contig_2581	32
contig_2582	20
contig_2583	11
contig_2584	10
contig_2585	16
contig_2586	40
contig_2587	28
contig_2588	40
contig_2589	6
contig_259	10
contig_2590	9
contig_2591	31
contig_2592	21
contig_2593	2
contig_2594	12
contig_2595	7
contig_2596	21
contig_2598	2
contig_2599	20
contig_26	26
contig_260	7
contig_2600	12
contig_2601	32
contig_2602	36
contig_2603	1
contig_2604	43
contig_2605	41
contig_2606	47
contig_2608	18
contig_2609	4
contig_261	7
contig_2610	19
contig_2611	18
contig_2612	39
contig_2613	32
contig_2614	22
contig_2615	12
contig_2616	36
contig_2617	39
contig_2618	9
contig_2619	41
contig_262	14
contig_2620	10
contig_2621	16
contig_2623	2
contig_2624	31
contig_2625	10
contig_2626	36
contig_2627	30
contig_2628	9
contig_2629	33
contig_263	29
contig_2630	1
contig_2631	10
contig_2632	8
contig_2633	11
contig_2634	22
contig_2635	14
contig_2636	17
contig_2637	14
contig_2638	11
contig_2639	40
contig_264	13
contig_2640	24
contig_2641	46
contig_2642	20
contig_2643	9
contig_2644	13
contig_2645	15
contig_2646	11
contig_2647	36
contig_2648	47
contig_2649	10
contig_265	35
contig_2650	46
contig_2651	4
contig_2652	18
contig_2653	20
contig_2654	35
contig_2655	42
contig_2656	9
contig_2657	8
contig_2658	22
contig_2659	22
contig_266	49
contig_2661	14
contig_2662	33
contig_2663	11
contig_2664	40
contig_2665	11
contig_2666	30
contig_2667	31
contig_2668	18
contig_2669	6
contig_267	30
contig_2670	3
contig_2671	37
contig_2672	47
contig_2673	36
contig_2674	29
contig_2675	2
contig_2676	26
contig_2677	1
contig_2678	38
contig_2679	44
contig_268	1
contig_2680	34
contig_2681	20
contig_2682	20
contig_2683	44
contig_2684	39
contig_2685	11
contig_2686	17
contig_2687	17
contig_2688	35
contig_2689	46
contig_269	5
contig_2690	43
contig_2691	24
contig_2692	31
contig_2693	48
contig_2694	46
contig_2696	30
contig_2697	11
contig_2698	4
contig_2699	42
contig_27	3
contig_270	11
contig_2700	1
contig_2701	17
contig_2702	46
contig_2703	41
contig_2704	9
contig_2705	19
contig_2706	39
contig_2707	8
contig_2708	28
contig_2709	11
contig_271	47
contig_2710	4
contig_2711	38
contig_2712	21
contig_2713	24
contig_2714	8
contig_2715	1
contig_2716	12
contig_2717	27
contig_2718	10
contig_2719	4
contig_272	9
contig_2720	0
contig_2722	5
contig_2723	1
contig_2724	21
contig_2725	14
contig_2726	26
contig_2727	31
contig_2728	13
contig_2729	38
contig_273	48
contig_2730	14
contig_2731	10
contig_2732	31
contig_2733	30
contig_2734	33
contig_2735	31
contig_2736	28
contig_2737	26
contig_2738	19
contig_2739	6
contig_274	26
contig_2740	34
contig_2742	7
contig_2743	22
contig_2745	41
contig_2746	31
contig_2747	0
contig_2748	35
contig_2749	22
contig_275	45
contig_2750	28
contig_2751	11
contig_2752	7
contig_2753	1
contig_2754	7
contig_2755	9
contig_2756	4
contig_2757	32
contig_2758	22
contig_2759	16
contig_276	10
contig_2761	30
contig_2762	40
contig_2763	18
contig_2764	14
contig_2765	27
contig_2766	29
contig_2767	40
contig_2769	5
contig_277	9
contig_2770	11
contig_2771	1
contig_2772	18
contig_2773	42
contig_2774	49
contig_2775	4
contig_2776	47
contig_2777	10
contig_2778	22
contig_2779	20
contig_278	33
contig_2780	10
contig_2781	26
contig_2782	43
contig_2783	14
contig_2784	10
contig_2785	14
contig_2786	10
contig_2787	21
contig_2788	29
contig_2789	9
contig_279	10
contig_2790	18
contig_2791	11
contig_2792	26
contig_2793	38
contig_2794	11
contig_2795	14
contig_2796	4
contig_2797	36
contig_2798	21
contig_2799	28
contig_28	30
contig_280	26
contig_2800	6
contig_2801	22
contig_2802	38
contig_2803	9
contig_2804	40
contig_2805	8
contig_2806	12
contig_2807	22
contig_2808	39
contig_2809	19
contig_281	9
contig_2810	7
contig_2811	28
contig_2812	17
contig_2814	7
contig_2815	48
contig_2816	41
contig_2817	46
contig_2818	19
contig_2819	5
contig_282	21
contig_2820	23
contig_2821	6
contig_2822	28
contig_2823	29
contig_2825	3
contig_2826	6
contig_2827	6
contig_2828	40
contig_2829	10
contig_283	44
contig_2830	31
contig_2831	2
contig_2832	22
contig_2833	47
contig_2834	7
contig_2835	31
contig_2836	43
contig_2837	22
contig_2838	19
contig_2839	6
contig_284	24
contig_2840	17
contig_2841	2
contig_2842	39
contig_2843	26
contig_2844	14
contig_2845	38
contig_2846	0
contig_2847	14
contig_2848	11
contig_2849	7
contig_285	37
contig_2850	12
contig_2851	8
contig_2852	9
contig_2853	34
contig_2854	14
contig_2855	0
contig_2856	17
contig_2857	8
contig_2858	2
contig_2859	10
contig_286	33
contig_2860	28
contig_2861	48
contig_2862	11
contig_2863	44
contig_2864	17
contig_2865	12
contig_2866	30
contig_2867	9
contig_2868	26
contig_2869	46
contig_287	26
contig_2870	48
contig_2871	1
contig_2872	32
contig_2873	39
contig_2874	12
contig_2875	44
contig_2876	33
contig_2877	29
contig_2878	46
contig_2879	28
contig_288	21
contig_2880	46
contig_2881	5
contig_2882	11
contig_2883	10
contig_2884	13
contig_2885	3
contig_2886	9
contig_2887	1
contig_2889	14
contig_289	11
contig_2890	32
contig_2891	26
contig_2892	38
contig_2893	3
contig_2894	4
contig_2896	37
contig_2897	0
contig_2898	28
contig_2899	12
contig_29	12
contig_290	38
contig_2900	10
contig_2901	2
contig_2902	21
contig_2903	10
contig_2904	17
contig_2905	22
contig_2906	6
contig_2907	1
contig_2908	14
contig_2909	4
contig_291	7
contig_2910	21
contig_2911	6
contig_2912	12
contig_2913	40
contig_2914	7
contig_2915	41
contig_2916	22
contig_2917	1
contig_2918	12
contig_2919	46
contig_292	19
contig_2920	28
contig_2921	19
contig_2922	40
contig_2923	24
contig_2924	9
contig_2925	2
contig_2926	9
contig_2927	31
contig_2928	1
contig_2929	48
contig_293	4
contig_2930	22
contig_2931	35
contig_2932	10
contig_2933	36
contig_2934	39
contig_2935	28
contig_2936	32
contig_2937	46
contig_2938	35
contig_2939	29
contig_294	12
contig_2940	22
contig_2941	19
contig_2942	3
contig_2943	10
contig_2944	22
contig_2945	46
contig_2946	48
contig_2947	21
contig_2948	48
contig_2949	12
contig_295	10
contig_2950	2
contig_2951	3
contig_2952	10
contig_2953	3
contig_2954	1
contig_2955	21
contig_2956	14
contig_2957	48
contig_2958	40
contig_2959	49
contig_296	35
contig_2960	9
contig_2961	32
contig_2963	19
contig_2964	9
contig_2965	24
contig_2966	7
contig_2967	12
contig_2968	2
contig_2969	2
contig_297	38
contig_2970	8
contig_2971	27
contig_2972	22
contig_2973	12
contig_2974	38
contig_2975	10
contig_2976	11
contig_2977	40
contig_2978	18
contig_2979	6
contig_298	24
contig_2980	6
contig_2982	28
contig_2983	11
contig_2984	16
contig_2985	29
contig_2986	12
contig_2987	29
contig_2988	10
contig_2989	24
contig_299	7
contig_2991	0
contig_2992	4
contig_2993	6
contig_2994	46
contig_2995	4
contig_2996	43
contig_2997	11
contig_2998	32
contig_2999	3
contig_3	40
contig_30	21
contig_300	9
contig_3000	30
contig_3001	9
contig_3002	38
contig_3003	12
contig_3004	0
contig_3005	39
contig_3006	46
contig_3007	33
contig_3008	44
contig_3009	11
contig_301	3
contig_3010	10
contig_3011	4
contig_3012	41
contig_3013	20
contig_3014	22
contig_3015	2
contig_3016	38
contig_3018	9
contig_3019	47
contig_302	34
contig_3020	24
contig_3021	14
contig_3022	12
contig_3023	48
contig_3024	7
contig_3025	3
contig_3026	28
contig_3027	22
contig_3028	10
contig_3029	13
contig_303	47
contig_3030	24
contig_3031	4
contig_3032	8
contig_3033	1
contig_3034	10
contig_3035	31
contig_3036	4
contig_3037	4
contig_3038	6
contig_3039	38
contig_304	38
contig_3040	28
contig_3041	44
contig_3042	3
contig_3043	26
contig_3044	8
contig_3045	19
contig_3046	31
contig_3047	22
contig_3049	1
contig_305	4
contig_3050	12
contig_3051	10
contig_3052	47
contig_3053	24
contig_3054	11
contig_3055	48
contig_3056	24
contig_3057	14
contig_3058	9
contig_3059	8
contig_306	4
contig_3060	44
contig_3061	38
contig_3062	6
contig_3063	9
contig_3064	35
contig_3065	31
contig_3066	23
contig_3067	3
contig_3068	10
contig_3069	9
contig_307	46
contig_3070	14
contig_3071	11
contig_3072	32
contig_3073	48
contig_3074	8
contig_3075	39
contig_3076	8
contig_3077	7
contig_3078	46
contig_3079	1
contig_308	46
contig_3080	41
contig_3081	11
contig_3082	11
contig_3084	22
contig_3085	39
contig_3086	24
contig_3087	22
contig_3088	19
contig_3089	22
contig_309	1
contig_3090	17
contig_3091	4
contig_3092	40
contig_3093	13
contig_3094	38
contig_3095	8
contig_3096	11
contig_3097	22
contig_3098	36
contig_3099	14
contig_31	14
contig_310	11
contig_3100	22
contig_3102	29
contig_3103	48
contig_3104	41
contig_3105	4
contig_3106	40
contig_3107	1
contig_3108	39
contig_3109	31
contig_311	21
contig_3110	8
contig_3111	17
contig_3112	27
contig_3113	10
contig_3114	31
contig_3115	40
contig_3116	30
contig_3117	16
contig_3118	44
contig_3119	21
contig_312	6
contig_3120	24
contig_3121	33
contig_3122	32
contig_3123	48
contig_3124	14
contig_3125	23
contig_3126	46
contig_3127	46
contig_3128	36
contig_3129	0
contig_313	22
contig_3130	35
contig_3131	37
contig_3132	39
contig_3133	30
contig_3134	28
contig_3135	22
contig_3136	21
contig_3137	45
contig_3138	17
contig_3139	46
contig_314	10
contig_3140	19
contig_3141	10
contig_3142	4
contig_3143	6
contig_3144	12
contig_3145	31
contig_3146	12
contig_3147	6
contig_3148	33
contig_3149	37
contig_315	49
contig_3150	6
contig_3151	6
contig_3152	12
contig_3153	16
contig_3155	20
contig_3156	23
contig_3157	47
contig_3158	48
contig_3159	6
contig_316	14
contig_3160	19
contig_3161	6
contig_3162	19
contig_3163	22
contig_3164	43
contig_3165	25
contig_3166	12
contig_3167	16
contig_3168	10
contig_3169	28
contig_317	39
contig_3170	17
contig_3171	4
contig_3172	14
contig_3173	12
contig_3174	24
contig_3175	28
contig_3176	11
contig_3177	2
contig_3178	31
contig_3179	32
contig_318	46
contig_3180	12
contig_3181	38
contig_3183	6
contig_3184	26
contig_3185	4
contig_3186	3
contig_3187	11
contig_3188	6
contig_3189	28
contig_319	49
contig_3190	11
contig_3191	6
contig_3192	29
contig_3193	42
contig_3194	16
contig_3195	4
contig_3196	23
contig_3197	9
contig_3198	46
contig_3199	34
contig_32	8
contig_320	8
contig_3200	38
contig_3201	11
contig_3202	28
contig_3203	1
contig_3204	44
contig_3206	39
contig_3207	37
contig_3208	9
contig_3209	33
contig_321	9
contig_3210	36
contig_3211	4
contig_3212	10
contig_3213	21
contig_3214	28
contig_3215	47
contig_3216	10
contig_3217	11
contig_3218	39
contig_3219	9
contig_322	10
contig_3220	33
contig_3221	24
contig_3222	17
contig_3223	37
contig_3224	40
contig_3225	30
contig_3226	4
contig_3227	21
contig_3228	2
contig_3229	33
contig_323	30
contig_3230	33
contig_3231	44
contig_3232	43
contig_3233	24
contig_3234	35
contig_3235	30
contig_3236	6
contig_3237	17
contig_3238	21
contig_3239	29
contig_324	45
contig_3240	9
contig_3241	40
contig_3242	2
contig_3243	10
contig_3244	24
contig_3245	22
contig_3246	1
contig_3247	9
contig_3248	12
contig_3249	24
contig_325	4
contig_3250	32
contig_3251	11
contig_3252	10
contig_3253	40
contig_3254	18
contig_3255	44
contig_3256	7
contig_3257	20
contig_3258	34
contig_3259	22
contig_326	3
contig_3260	1
contig_3261	32
contig_3262	41
contig_3263	22
contig_3264	2
contig_3265	33
contig_3266	22
contig_3267	36
contig_3268	1
contig_3269	17
contig_327	32
contig_3270	6
contig_3271	20
contig_3272	4
contig_3273	28
contig_3274	9
contig_3275	47
contig_3276	44
contig_3277	6
contig_3278	17
contig_3279	18
contig_328	9
contig_3280	26
contig_3281	12
contig_3282	7
contig_3283	38
contig_3284	41
contig_3285	21
contig_3286	31
contig_3287	27
contig_3288	22
contig_3289	41
contig_329	40
contig_3290	18
contig_3291	26
contig_3292	30
contig_3293	41
contig_3294	32
contig_3295	27
contig_3296	41
contig_3297	30
contig_3298	31
contig_3299	41
contig_33	28
contig_3300	40
contig_3301	39
contig_3302	26
contig_3303	14
contig_3304	36
contig_3305	21
contig_3306	28
contig_3307	0
contig_3308	48
contig_3309	11
contig_331	6
contig_3310	38
contig_3311	9
contig_3312	41
contig_3313	29
contig_3314	32
contig_3315	44
contig_3316	17
contig_3317	19
contig_3318	1
contig_332	31
contig_3320	4
contig_3321	40
contig_3322	48
contig_3323	26
contig_3324	10
contig_3325	6
contig_3326	40
contig_3327	12
contig_3328	33
contig_3329	45
contig_333	38
contig_3330	38
contig_3331	19
contig_3332	3
contig_3333	22
contig_3334	37
contig_3335	10
contig_3336	1
contig_3337	32
contig_3338	3
contig_3339	23
contig_334	28
contig_3340	14
contig_3341	14
contig_3342	25
contig_3343	22
contig_3344	12
contig_3346	28
contig_3347	32
contig_3348	34
contig_3349	5
contig_335	13
contig_3350	12
contig_3351	31
contig_3352	46
contig_3353	47
contig_3354	6
contig_3355	43
contig_3356	32
contig_3357	22
contig_3358	9
contig_3359	32
contig_336	31
contig_3360	22
contig_3361	19
contig_3362	6
contig_3363	36
contig_3364	8
contig_3365	36
contig_3366	32
contig_3367	11
contig_3368	19
contig_3369	30
contig_337	28
contig_3370	22
contig_3371	12
contig_3372	16
contig_3373	46
contig_3374	47
contig_3375	46
contig_3376	31
contig_3377	19
contig_3378	36
contig_3379	27
contig_338	22
contig_3380	21
contig_3381	4
contig_3384	0
contig_3385	14
contig_3386	26
contig_3388	28
contig_3389	6
contig_339	31
contig_3390	20
contig_3391	18
contig_3392	11
contig_3393	3
contig_3394	32
contig_3395	5
contig_3396	42
contig_3397	11
contig_3398	36
contig_3399	28
contig_34	48
contig_340	19
contig_3400	10
contig_3401	31
contig_3402	40
contig_3403	36
contig_3404	11
contig_3405	36
contig_3406	12
contig_3407	17
contig_3408	8
contig_3409	32
contig_341	6
contig_3410	19
contig_3411	2
contig_3412	21
contig_3413	22
contig_3414	48
contig_3415	18
contig_3416	4
contig_3417	36
contig_3418	11
contig_3419	48
contig_342	4
contig_3420	29
contig_3421	4
contig_3422	7
contig_3423	7
contig_3424	20
contig_3425	6
contig_3426	29
contig_3427	41
contig_3428	27
contig_3429	39
contig_343	12
contig_3430	18
contig_3431	14
contig_3432	19
contig_3433	40
contig_3434	35
contig_3435	2
contig_3436	3
contig_3437	41
contig_3438	18
contig_3439	19
contig_344	32
contig_3440	41
contig_3441	10
contig_3442	32
contig_3443	11
contig_3444	32
contig_3446	9
contig_3448	3
contig_3449	33
contig_345	33
contig_3450	41
contig_3451	6
contig_3452	46
contig_3453	24
contig_3454	31
contig_3455	14
contig_3456	47
contig_3457	1
contig_3458	47
contig_3459	48
contig_346	30
contig_3460	17
contig_3461	22
contig_3462	9
contig_3463	24
contig_3464	12
contig_3465	2
contig_3466	10
contig_3467	36
contig_3468	0
contig_3469	4
contig_347	13
contig_3470	43
contig_3471	46
contig_3472	16
contig_3473	35
contig_3474	33
contig_3475	46
contig_3476	16
contig_3477	41
contig_3479	36
contig_348	3
contig_3480	0
contig_3481	21
contig_3482	5
contig_3483	10
contig_3484	40
contig_3485	4
contig_3486	48
contig_3487	47
contig_3488	40
contig_3489	46
contig_349	31
contig_3490	30
contig_3491	20
contig_3492	33
contig_3493	19
contig_3495	11
contig_3496	4
contig_3497	46
contig_3498	22
contig_3499	38
contig_35	8
contig_350	27
contig_3501	19
contig_3502	11
contig_3503	22
contig_3504	48
contig_3505	2
contig_3506	39
contig_3507	47
contig_3508	24
contig_3509	31
contig_351	4
contig_3510	11
contig_3511	30
contig_3512	4
contig_3513	18
contig_3514	39
contig_3515	1
contig_3516	8
contig_3517	44
contig_3518	0
contig_3519	20
contig_352	14
contig_3520	12
contig_3521	29
contig_3522	14
contig_3523	32
contig_3524	36
contig_3525	22
contig_3526	7
contig_3527	10
contig_3528	17
contig_353	24
contig_3530	40
contig_3531	19
contig_3532	9
contig_3533	31
contig_3534	21
contig_3535	1
contig_3536	47
contig_3537	31
contig_3538	8
contig_3539	15
contig_354	39
contig_3540	38
contig_3541	46
contig_3542	9
contig_3543	29
contig_3544	12
contig_3545	39
contig_3546	31
contig_3547	12
contig_3548	46
contig_3549	12
contig_355	19
contig_3550	2
contig_3551	13
contig_3552	14
contig_3553	9
contig_3554	3
contig_3555	1
contig_3556	41
contig_3557	48
contig_3558	11
contig_3559	33
contig_356	30
contig_3560	3
contig_3561	47
contig_3562	2
contig_3563	4
contig_3564	18
contig_3565	44
contig_3566	35
contig_3567	6
contig_3568	14
contig_3569	8
contig_357	4
contig_3570	46
contig_3571	10
contig_3572	46
contig_3573	27
contig_3574	12
contig_3575	32
contig_3576	36
contig_3577	0
contig_3578	1
contig_3579	4
contig_358	32
contig_3580	8
contig_3581	19
contig_3582	33
contig_3584	47
contig_3585	19
contig_3587	1
contig_3588	40
contig_3589	6
contig_359	28
contig_3590	21
contig_3592	6
contig_3593	6
contig_3594	4
contig_3595	39
contig_3596	17
contig_3597	19
contig_3598	11
contig_3599	42
contig_36	4
contig_360	5
contig_3600	29
contig_3601	2
contig_3604	22
contig_3605	4
contig_3606	8
contig_3607	11
contig_3608	0
contig_3609	16
contig_361	48
contig_3610	1
contig_3611	45
contig_3612	12
contig_3613	33
contig_3614	22
contig_3615	17
contig_3616	3
contig_3617	33
contig_3618	10
contig_3619	38
contig_362	22
contig_3620	22
contig_3621	4
contig_3622	30
contig_3623	32
contig_3624	10
contig_3625	0
contig_3626	0
contig_3627	36
contig_3628	12
contig_3629	36
contig_363	16
contig_3630	29
contig_3631	21
contig_3632	39
contig_3633	4
contig_3634	14
contig_3635	32
contig_3636	6
contig_3637	28
contig_3638	48
contig_3639	9
contig_364	12
contig_3640	22
contig_3641	31
contig_3642	11
contig_3643	2
contig_3644	40
contig_3645	31
contig_3646	2
contig_3647	31
contig_3648	34
contig_3649	15
contig_365	22
contig_3650	48
contig_3651	38
contig_3652	1
contig_3653	27
contig_3654	26
contig_3655	23
contig_3656	26
contig_3657	20
contig_3658	4
contig_3659	40
contig_366	22
contig_3660	10
contig_3661	12
contig_3662	12
contig_3663	21
contig_3664	22
contig_3665	1
contig_3666	36
contig_3667	34
contig_3668	10
contig_3669	3
contig_367	45
contig_3670	28
contig_3671	4
contig_3672	3
contig_3673	30
contig_3675	27
contig_3676	24
contig_3677	28
contig_3678	36
contig_3679	39
contig_368	9
contig_3680	47
contig_3681	21
contig_3682	41
contig_3683	43
contig_3684	18
contig_3685	31
contig_3686	11
contig_3687	29
contig_3688	11
contig_3689	32
contig_369	3
contig_3690	38
contig_3691	2
contig_3692	6
contig_3693	21
contig_3694	47
contig_3695	39
contig_3697	19
contig_3698	47
contig_3699	10
contig_37	11
contig_3700	20
contig_3701	46
contig_3702	9
contig_3703	2
contig_3704	17
contig_3705	35
contig_3706	14
contig_3708	28
contig_3709	38
contig_371	36
contig_3710	46
contig_3711	23
contig_3712	12
contig_3713	46
contig_3714	2
contig_3715	18
contig_3716	14
contig_3717	15
contig_3718	28
contig_3719	24
contig_372	1
contig_3720	10
contig_3721	38
contig_3722	3
contig_3723	46
contig_3724	19
contig_3725	46
contig_3726	10
contig_3727	26
contig_3728	28
contig_3729	22
contig_373	47
contig_3730	10
contig_3731	40
contig_3732	10
contig_3733	19
contig_3734	33
contig_3735	1
contig_3736	37
contig_3737	10
contig_3739	9
contig_374	40
contig_3740	38
contig_3741	8
contig_3742	26
contig_3743	37
contig_3744	8
contig_3745	24
contig_3746	7
contig_3747	11
contig_3748	9
contig_3749	3
contig_375	17
contig_3750	29
contig_3751	10
contig_3752	2
contig_3753	10
contig_3754	1
contig_3755	30
contig_3756	10
contig_3757	24
contig_3758	10
contig_3759	12
contig_3760	19
contig_3761	18
contig_3762	10
contig_3763	29
contig_3764	48
contig_3765	4
contig_3766	16
contig_3767	19
contig_3769	0
contig_377	12
contig_3770	46
contig_3771	28
contig_3772	21
contig_3773	11
contig_3774	4
contig_3775	18
contig_3776	47
contig_3777	23
contig_3778	36
contig_3779	6
contig_378	2
contig_3780	18
contig_3781	40
contig_3782	41
contig_3783	37
contig_3785	46
contig_3787	11
contig_3788	46
contig_3789	39
contig_379	38
contig_3790	12
contig_3791	30
contig_3792	10
contig_3793	41
contig_3794	27
contig_3795	9
contig_3796	42
contig_3797	11
contig_3798	36
contig_3799	43
contig_38	9
contig_380	12
contig_3800	32
contig_3801	6
contig_3802	16
contig_3803	22
contig_3804	10
contig_3805	31
contig_3806	4
contig_3807	32
contig_3808	11
contig_3809	42
contig_381	41
contig_3810	42
contig_3811	17
contig_3812	24
contig_3813	31
contig_3814	18
contig_3815	49
contig_3816	35
contig_3817	14
contig_3818	19
contig_3819	35
contig_382	9
contig_3820	17
contig_3821	30
contig_3822	18
contig_3823	33
contig_3824	48
contig_3825	43
contig_3826	12
contig_3827	41
contig_3828	10
contig_3829	6
contig_383	40
contig_3830	12
contig_3831	29
contig_3833	32
contig_3834	24
contig_3835	24
contig_3836	9
contig_3837	35
contig_3838	46
contig_3839	24
contig_384	21
contig_3840	41
contig_3841	35
contig_3842	8
contig_3843	46
contig_3844	42
contig_3845	23
contig_3846	21
contig_3847	22
contig_3848	6
contig_3849	34
contig_385	1
contig_3850	47
contig_3851	3
contig_3852	18
contig_3853	12
contig_3854	39
contig_3855	11
contig_3856	12
contig_3857	42
contig_3858	9
contig_3859	1
contig_386	26
contig_3860	32
contig_3861	39
contig_3862	35
contig_3863	45
contig_3864	7
contig_3865	8
contig_3866	2
contig_3867	1
contig_3868	6
contig_3869	46
contig_387	26
contig_3870	4
contig_3872	40
contig_3873	31
contig_3874	35
contig_3875	36
contig_3876	33
contig_3877	20
contig_3878	11
contig_3879	32
contig_388	19
contig_3880	11
contig_3881	28
contig_3882	32
contig_3883	24
contig_3884	0
contig_3885	21
contig_3886	9
contig_3887	41
contig_3888	14
contig_3889	14
contig_389	21
contig_3890	10
contig_3891	0
contig_3892	48
contig_3893	24
contig_3894	24
contig_3895	21
contig_3896	10
contig_3897	40
contig_3898	46
contig_3899	17
contig_39	12
contig_390	36
contig_3900	47
contig_3901	36
contig_3902	32
contig_3903	9
contig_3904	46
contig_3905	30
contig_3906	13
contig_3907	43
contig_3908	19
contig_3909	2
contig_391	23
contig_3910	16
contig_3911	5
contig_3912	11
contig_3913	33
contig_3914	14
contig_3915	38
contig_3916	16
contig_3917	42
contig_3918	11
contig_3919	2
contig_392	2
contig_3920	11
contig_3921	33
contig_3922	7
contig_3923	47
contig_3924	6
contig_3925	14
contig_3926	6
contig_3927	14
contig_3928	7
contig_3929	30
contig_393	42
contig_3930	16
contig_3931	46
contig_3932	30
contig_3933	36
contig_3934	21
contig_3935	7
contig_3936	44
contig_3937	4
contig_3938	32
contig_3939	47
contig_394	17
contig_3940	19
contig_3941	22
contig_3942	4
contig_3943	20
contig_3944	0
contig_3945	18
contig_3946	1
contig_3947	10
contig_3948	35
contig_3949	20
contig_395	44
contig_3950	47
contig_3951	0
contig_3952	24
contig_3953	10
contig_3954	35
contig_3955	11
contig_3956	10
contig_3957	22
contig_3958	6
contig_3959	49
contig_396	39
contig_3960	38
contig_3961	9
contig_3962	23
contig_3963	28
contig_3964	1
contig_3965	9
contig_3966	46
contig_3967	48
contig_3968	29
contig_3969	44
contig_397	23
contig_3970	4
contig_3971	14
contig_3972	40
contig_3973	48
contig_3974	12
contig_3975	29
contig_3976	32
contig_3977	24
contig_3978	1
contig_3979	10
contig_398	19
contig_3980	10
contig_3981	2
contig_3982	9
contig_3983	11
contig_3984	48
contig_3985	40
contig_3986	47
contig_3987	20
contig_3988	6
contig_3989	22
contig_399	12
contig_3990	20
contig_3991	38
contig_3992	4
contig_3993	4
contig_3994	7
contig_3995	11
contig_3996	9
contig_3997	31
contig_3998	21
contig_3999	36
contig_4	1
contig_40	13
contig_400	46
contig_4000	12
contig_4001	23
contig_4002	24
contig_4003	31
contig_4004	20
contig_4005	1
contig_4006	37
contig_4007	11
contig_4008	24
contig_4009	31
contig_401	2
contig_4010	10
contig_4011	22
contig_4012	10
contig_4013	32
contig_4014	28
contig_4015	46
contig_4016	12
contig_4017	41
contig_4018	19
contig_4019	1
contig_402	13
contig_4020	1
contig_4021	10
contig_4022	30
contig_4023	7
contig_4024	43
contig_4025	48
contig_4026	3
contig_4027	6
contig_4028	7
contig_4029	31
contig_403	5
contig_4030	36
contig_4031	46
contig_4032	21
contig_4033	29
contig_4034	24
contig_4035	21
contig_4036	33
contig_4037	35
contig_4038	29
contig_4039	37
contig_404	22
contig_4040	6
contig_4041	21
contig_4042	46
contig_4043	41
contig_4044	43
contig_4045	24
contig_4046	20
contig_4047	10
contig_4048	6
contig_4049	37
contig_405	11
contig_4050	21
contig_4051	1
contig_4052	24
contig_4053	22
contig_4054	4
contig_4056	41
contig_4057	38
contig_4058	35
contig_4059	48
contig_406	1
contig_4060	6
contig_4061	11
contig_4062	48
contig_4063	4
contig_4064	48
contig_4065	2
contig_4066	4
contig_4067	36
contig_4068	48
contig_4069	1
contig_4070	9
contig_4071	6
contig_4072	36
contig_4073	35
contig_4074	1
contig_4075	0
contig_4076	3
contig_4077	44
contig_4078	4
contig_4079	17
contig_408	38
contig_4080	9
contig_4081	46
contig_4082	4
contig_4083	37
contig_4084	7
contig_4085	28
contig_4086	26
contig_4087	20
contig_4088	7
contig_4089	12
contig_409	26
contig_4090	47
contig_4091	9
contig_4092	21
contig_4093	40
contig_4094	18
contig_4095	6
contig_4096	24
contig_4097	1
contig_4098	9
contig_4099	47
contig_41	11
contig_410	41
contig_4100	9
contig_4101	36
contig_4102	16
contig_4103	24
contig_4104	2
contig_4105	9
contig_4106	33
contig_4107	1
contig_4108	22
contig_4109	10
contig_411	2
contig_4110	1
contig_4111	9
contig_4112	4
contig_4114	24
contig_4115	16
contig_4116	11
contig_4117	44
contig_4118	11
contig_4119	12
contig_412	1
contig_4120	1
contig_4121	8
contig_4122	14
contig_4123	1
contig_4124	47
contig_4125	28
contig_4126	14
contig_4128	48
contig_4129	16
contig_413	10
contig_4130	9
contig_4131	1
contig_4132	10
contig_4133	4
contig_4134	48
contig_4135	22
contig_4136	49
contig_4137	20
contig_4138	21
contig_4139	42
contig_414	46
contig_4140	38
contig_4141	36
contig_4142	11
contig_4143	9
contig_4144	4
contig_4145	16
contig_4146	9
contig_4147	35
contig_4148	37
contig_4149	34
contig_415	12
contig_4150	16
contig_4151	24
contig_4152	7
contig_4153	28
contig_4154	46
contig_4155	10
contig_4156	38
contig_4157	1
contig_4158	9
contig_4159	33
contig_416	19
contig_4160	5
contig_4161	3
contig_4162	0
contig_4163	22
contig_4164	8
contig_4165	23
contig_4166	24
contig_4167	12
contig_4168	11
contig_4169	10
contig_417	30
contig_4170	41
contig_4171	31
contig_4172	1
contig_4173	8
contig_4174	40
contig_4175	8
contig_4176	31
contig_4177	4
contig_4178	10
contig_4179	21
contig_418	48
contig_4180	24
contig_4181	31
contig_4182	46
contig_4183	30
contig_4184	19
contig_4185	22
contig_4186	19
contig_4187	47
contig_4188	36
contig_419	49
contig_4190	4
contig_4191	7
contig_4192	7
contig_4193	14
contig_4194	10
contig_4195	9
contig_4197	3
contig_4198	1
contig_4199	10
contig_42	49
contig_420	2
contig_4200	24
contig_4201	4
contig_4202	1
contig_4203	8
contig_4204	8
contig_4205	28
contig_4206	32
contig_4207	4
contig_4208	36
contig_4209	36
contig_421	37
contig_4210	31
contig_4211	4
contig_4212	4
contig_4213	0
contig_4214	39
contig_4215	28
contig_4216	7
contig_4217	47
contig_4218	46
contig_4219	24
contig_422	30
contig_4220	11
contig_4221	10
contig_4222	48
contig_4223	19
contig_4224	1
contig_4225	22
contig_4226	31
contig_4227	0
contig_4229	28
contig_423	1
contig_4230	9
contig_4231	40
contig_4232	3
contig_4233	3
contig_4234	22
contig_4235	42
contig_4236	27
contig_4237	18
contig_4238	33
contig_4239	15
contig_424	34
contig_4240	21
contig_4241	35
contig_4242	9
contig_4243	11
contig_4244	31
contig_4245	38
contig_4246	36
contig_4247	17
contig_4248	22
contig_4249	20
contig_425	3
contig_4250	19
contig_4251	16
contig_4252	4
contig_4253	19
contig_4254	22
contig_4255	30
contig_4256	36
contig_4257	38
contig_4258	19
contig_4259	27
contig_426	11
contig_4260	24
contig_4261	12
contig_4262	46
contig_4263	33
contig_4264	27
contig_4265	8
contig_4266	22
contig_4267	9
contig_4268	8
contig_4269	36
contig_427	9
contig_4270	29
contig_4271	29
contig_4272	20
contig_4273	14
contig_4274	10
contig_4275	9
contig_4276	41
contig_4277	43
contig_4278	37
contig_4279	42
contig_428	14
contig_4280	12
contig_4281	32
contig_4282	37
contig_4283	15
contig_4284	31
contig_4285	8
contig_4286	8
contig_4287	48
contig_4288	47
contig_4289	9
contig_429	2
contig_4290	23
contig_4291	31
contig_4292	21
contig_4293	48
contig_4294	31
contig_4295	47
contig_4296	5
contig_4297	47
contig_4298	11
contig_4299	17
contig_43	21
contig_430	19
contig_4300	5
contig_4301	9
contig_4302	23
contig_4303	29
contig_4304	12
contig_4305	28
contig_4306	47
contig_4307	35
contig_4308	28
contig_4309	9
contig_431	49
contig_4310	46
contig_4311	37
contig_4312	31
contig_4313	5
contig_4314	31
contig_4315	33
contig_4316	10
contig_4317	36
contig_4318	10
contig_4319	46
contig_432	31
contig_4320	28
contig_4321	17
contig_4322	12
contig_4323	19
contig_4324	9
contig_4325	20
contig_4326	4
contig_4327	5
contig_4328	28
contig_4329	19
contig_433	44
contig_4330	24
contig_4331	17
contig_4332	32
contig_4333	2
contig_4334	33
contig_4335	46
contig_4336	3
contig_4337	39
contig_4338	1
contig_4339	33
contig_434	4
contig_4340	10
contig_4341	2
contig_4342	22
contig_4343	12
contig_4344	28
contig_4345	44
contig_4346	28
contig_4347	40
contig_4348	40
contig_4349	15
contig_435	22
contig_4350	46
contig_4351	31
contig_4352	41
contig_4353	16
contig_4354	12
contig_4355	39
contig_4356	12
contig_4357	38
contig_4358	19
contig_4359	21
contig_436	41
contig_4360	43
contig_4361	3
contig_4362	2
contig_4363	18
contig_4364	31
contig_4365	8
contig_4366	22
contig_4367	48
contig_4368	7
contig_4369	40
contig_437	1
contig_4370	48
contig_4371	44
contig_4372	7
contig_4373	9
contig_4374	38
contig_4375	40
contig_4376	31
contig_4377	22
contig_4378	2
contig_4379	14
contig_438	13
contig_4380	41
contig_4381	12
contig_4382	35
contig_4383	8
contig_4384	4
contig_4385	1
contig_4386	37
contig_4387	8
contig_4388	35
contig_4389	10
contig_439	19
contig_4390	27
contig_4391	47
contig_4392	35
contig_4393	37
contig_4394	39
contig_4395	10
contig_4396	20
contig_4397	37
contig_4398	1
contig_4399	35
contig_44	10
contig_440	36
contig_4400	8
contig_4401	44
contig_4402	30
contig_4403	11
contig_4404	40
contig_4405	21
contig_4406	2
contig_4407	12
contig_4408	24
contig_4409	4
contig_441	3
contig_4410	12
contig_4411	9
contig_4412	23
contig_4413	38
contig_4414	21
contig_4415	27
contig_4416	44
contig_4417	31
contig_4418	38
contig_4419	11
contig_442	22
contig_4420	18
contig_4421	6
contig_4422	5
contig_4423	47
contig_4424	12
contig_4425	36
contig_4426	38
contig_4427	3
contig_4428	4
contig_4429	32
contig_443	2
contig_4430	33
contig_4431	35
contig_4432	12
contig_4433	14
contig_4434	27
contig_4435	12
contig_4436	44
contig_4437	28
contig_4438	41
contig_4439	7
contig_444	46
contig_4440	5
contig_4441	6
contig_4442	22
contig_4443	36
contig_4444	22
contig_4445	7
contig_4446	46
contig_4447	11
contig_4448	10
contig_4449	49
contig_445	13
contig_4450	46
contig_4451	44
contig_4452	22
contig_4453	46
contig_4454	41
contig_4455	28
contig_4456	29
contig_4457	0
contig_4458	40
contig_4459	19
contig_446	37
contig_4460	4
contig_4461	41
contig_4462	45
contig_4463	3
contig_4464	47
contig_4466	43
contig_4467	38
contig_4468	36
contig_4469	4
contig_447	44
contig_4470	3
contig_4472	24
contig_4473	24
contig_4474	46
contig_4475	43
contig_4476	20
contig_4477	22
contig_4478	31
contig_4479	47
contig_448	0
contig_4480	11
contig_4481	37
contig_4482	4
contig_4483	17
contig_4484	14
contig_4485	6
contig_4486	26
contig_4487	23
contig_4488	16
contig_4489	7
contig_449	17
contig_4490	11
contig_4491	2
contig_4492	7
contig_4493	6
contig_4494	21
contig_4495	31
contig_4496	15
contig_4497	47
contig_4498	0
contig_4499	20
contig_45	42
contig_450	9
contig_4500	1
contig_4501	4
contig_4502	43
contig_4503	48
contig_4504	48
contig_4505	35
contig_4506	28
contig_4507	22
contig_4508	20
contig_4509	32
contig_451	12
contig_4510	16
contig_4511	19
contig_4512	4
contig_4513	1
contig_4514	19
contig_4515	21
contig_4516	22
contig_4517	2
contig_4518	27
contig_4519	9
contig_452	12
contig_4520	41
contig_4521	35
contig_4522	46
contig_4523	29
contig_4524	35
contig_4525	40
contig_4526	39
contig_4527	9
contig_4528	28
contig_4529	21
contig_453	40
contig_4530	44
contig_4531	36
contig_4532	5
contig_4533	21
contig_4534	5
contig_4535	35
contig_4536	37
contig_4537	46
contig_4538	4
contig_4539	10
contig_454	44
contig_4540	21
contig_4541	36
contig_4542	21
contig_4543	10
contig_4544	12
contig_4545	21
contig_4546	26
contig_4547	14
contig_4548	5
contig_4549	3
contig_455	15
contig_4550	33
contig_4551	8
contig_4552	12
contig_4553	12
contig_4554	31
contig_4555	33
contig_4556	21
contig_4557	17
contig_4558	12
contig_4559	11
contig_456	46
contig_4560	10
contig_4561	21
contig_4562	44
contig_4563	17
contig_4564	30
contig_4565	40
contig_4566	24
contig_4567	35
contig_4568	8
contig_4569	33
contig_457	19
contig_4570	36
contig_4571	9
contig_4572	10
contig_4573	3
contig_4574	5
contig_4575	32
contig_4576	46
contig_4577	4
contig_4578	20
contig_4579	14
contig_458	21
contig_4580	21
contig_4581	26
contig_4582	43
contig_4583	14
contig_4584	6
contig_4585	42
contig_4586	6
contig_4587	10
contig_4588	24
contig_4589	26
contig_459	20
contig_4590	32
contig_4591	41
contig_4592	15
contig_4593	39
contig_4594	16
contig_4595	30
contig_4596	28
contig_4597	44
contig_4598	21
contig_4599	33
contig_46	45
contig_460	4
contig_4600	6
contig_4602	18
contig_4603	10
contig_4604	33
contig_4605	6
contig_4606	46
contig_4607	20
contig_4608	48
contig_4609	14
contig_461	2
contig_4610	19
contig_4611	8
contig_4612	24
contig_4613	36
contig_4614	18
contig_4615	20
contig_4616	42
contig_4617	1
contig_4618	6
contig_4619	16
contig_462	21
contig_4620	39
contig_4621	20
contig_4622	1
contig_4623	24
contig_4624	47
contig_4625	39
contig_4626	6
contig_4627	2
contig_4628	39
contig_4629	30
contig_463	8
contig_4630	2
contig_4631	30
contig_4632	29
contig_4634	4
contig_4635	41
contig_4636	38
contig_4637	2
contig_4638	19
contig_4639	8
contig_464	37
contig_4640	21
contig_4641	36
contig_4642	9
contig_4643	1
contig_4644	10
contig_4645	20
contig_4646	36
contig_4647	21
contig_4648	41
contig_4649	42
contig_465	47
contig_4650	31
contig_4651	39
contig_4652	47
contig_4653	39
contig_4654	5
contig_4655	36
contig_4656	17
contig_4657	46
contig_4658	9
contig_4659	35
contig_466	22
contig_4660	30
contig_4661	1
contig_4662	12
contig_4663	8
contig_4664	27
contig_4665	18
contig_4666	39
contig_4667	19
contig_4668	39
contig_4669	21
contig_467	46
contig_4670	27
contig_4671	47
contig_4672	28
contig_4673	5
contig_4674	27
contig_4676	33
contig_4677	39
contig_4678	20
contig_4679	27
contig_468	12
contig_4680	5
contig_4681	19
contig_4682	1
contig_4683	47
contig_4684	41
contig_4685	46
contig_4686	22
contig_4687	35
contig_4689	8
contig_469	40
contig_4690	49
contig_4691	10
contig_4692	41
contig_4693	43
contig_4694	11
contig_4695	22
contig_4696	19
contig_4697	24
contig_4698	4
contig_4699	20
contig_47	45
contig_470	33
contig_4700	12
contig_4701	47
contig_4702	18
contig_4703	39
contig_4704	12
contig_4705	12
contig_4706	46
contig_4707	3
contig_4708	27
contig_4709	48
contig_471	12
contig_4710	22
contig_4711	8
contig_4712	46
contig_4713	35
contig_4714	12
contig_4715	46
contig_4716	18
contig_4717	6
contig_4718	2
contig_4719	35
contig_472	31
contig_4720	1
contig_4721	18
contig_4722	41
contig_4723	11
contig_4724	11
contig_4725	9
contig_4726	11
contig_4727	44
contig_4728	39
contig_4729	12
contig_473	18
contig_4730	29
contig_4731	37
contig_4732	23
contig_4733	21
contig_4734	1
contig_4735	1
contig_4736	22
contig_4737	38
contig_4738	12
contig_4739	12
contig_474	27
contig_4740	6
contig_4741	29
contig_4742	29
contig_4743	33
contig_4744	29
contig_4745	1
contig_4746	27
contig_4747	17
contig_4748	9
contig_4749	27
contig_475	32
contig_4750	41
contig_4751	11
contig_4752	42
contig_4753	40
contig_4754	33
contig_4755	0
contig_4756	21
contig_4757	23
contig_4758	16
contig_4759	29
contig_476	30
contig_4760	2
contig_4761	11
contig_4762	47
contig_4763	9
contig_4764	28
contig_4765	46
contig_4766	9
contig_4767	7
contig_4768	38
contig_4769	46
contig_477	39
contig_4770	37
contig_4771	43
contig_4772	22
contig_4773	20
contig_4774	12
contig_4775	48
contig_4776	46
contig_4777	47
contig_4778	36
contig_4779	46
contig_478	4
contig_4780	9
contig_4781	40
contig_4782	37
contig_4783	33
contig_4784	47
contig_4785	7
contig_4786	36
contig_4787	6
contig_4788	4
contig_4789	11
contig_479	17
contig_4790	33
contig_4791	19
contig_4792	45
contig_4793	29
contig_4794	32
contig_4795	32
contig_4796	35
contig_4797	5
contig_4798	2
contig_4799	38
contig_48	45
contig_480	33
contig_4800	44
contig_4801	31
contig_4802	17
contig_4803	9
contig_4804	15
contig_4805	24
contig_4806	39
contig_4807	0
contig_4808	16
contig_4809	24
contig_481	31
contig_4810	24
contig_4811	31
contig_4812	21
contig_4813	2
contig_4814	9
contig_4815	2
contig_4816	33
contig_4817	20
contig_4818	11
contig_4819	6
contig_482	10
contig_4820	48
contig_4821	40
contig_4822	33
contig_4823	17
contig_4824	1
contig_4825	16
contig_4826	9
contig_4827	31
contig_4828	29
contig_4829	1
contig_483	30
contig_4830	4
contig_4831	46
contig_4832	5
contig_4833	20
contig_4834	10
contig_4835	9
contig_4836	33
contig_4837	28
contig_4838	4
contig_4839	28
contig_484	41
contig_4840	10
contig_4841	16
contig_4842	9
contig_4843	27
contig_4844	10
contig_4845	11
contig_4846	9
contig_4847	24
contig_4848	8
contig_4849	28
contig_485	11
contig_4850	33
contig_4851	22
contig_4852	16
contig_4853	4
contig_4854	27
contig_4855	14
contig_4856	29
contig_4857	16
contig_4858	47
contig_4859	23
contig_486	22
contig_4860	24
contig_4861	2
contig_4862	9
contig_4863	10
contig_4864	33
contig_4865	48
contig_4866	48
contig_4867	17
contig_4868	32
contig_4869	33
contig_487	3
contig_4870	35
contig_4871	40
contig_4872	11
contig_4873	8
contig_4874	27
contig_4875	31
contig_4876	24
contig_4877	9
contig_4878	48
contig_4879	4
contig_488	33
contig_4880	40
contig_4881	41
contig_4882	12
contig_4883	0
contig_4884	24
contig_4885	9
contig_4886	36
contig_4887	24
contig_4888	29
contig_4889	35
contig_489	26
contig_4890	19
contig_4891	31
contig_4892	10
contig_49	16
contig_490	18
contig_491	19
contig_492	40
contig_493	39
contig_494	10
contig_495	38
contig_496	6
contig_497	16
contig_498	6
contig_499	4
contig_5	13
contig_50	3
contig_500	1
contig_501	36
contig_502	28
contig_503	12
contig_504	14
contig_505	19
contig_506	30
contig_507	32
contig_508	31
contig_509	24
contig_51	49
contig_510	4
contig_511	18
contig_512	41
contig_513	40
contig_514	19
contig_515	4
contig_516	17
contig_517	12
contig_518	39
contig_519	46
contig_52	32
contig_520	9
contig_521	30
contig_522	14
contig_523	39
contig_524	47
contig_525	18
contig_526	30
contig_527	19
contig_528	4
contig_529	11
contig_53	46
contig_530	26
contig_531	34
contig_532	12
contig_533	17
contig_534	28
contig_535	42
contig_536	27
contig_537	24
contig_538	13
contig_539	8
contig_54	49
contig_540	9
contig_541	19
contig_542	9
contig_543	45
contig_544	41
contig_545	1
contig_546	10
contig_547	14
contig_548	48
contig_549	29
contig_55	26
contig_550	4
contig_551	6
contig_552	4
contig_553	24
contig_554	13
contig_555	1
contig_556	43
contig_557	10
contig_558	31
contig_559	46
contig_56	0
contig_560	45
contig_561	5
contig_562	10
contig_563	8
contig_564	11
contig_565	8
contig_566	34
contig_567	13
contig_568	8
contig_569	24
contig_57	38
contig_570	21
contig_571	30
contig_572	4
contig_573	28
contig_574	22
contig_575	1
contig_576	39
contig_577	41
contig_578	28
contig_579	24
contig_58	49
contig_580	26
contig_581	14
contig_582	41
contig_583	16
contig_584	36
contig_585	10
contig_586	40
contig_587	4
contig_588	38
contig_589	19
contig_59	30
contig_590	4
contig_591	24
contig_592	3
contig_593	24
contig_594	19
contig_595	21
contig_596	14
contig_597	22
contig_598	28
contig_599	4
contig_6	28
contig_60	34
contig_600	2
contig_601	43
contig_602	38
contig_603	44
contig_604	46
contig_605	9
contig_606	3
contig_607	21
contig_608	46
contig_609	42
contig_61	13
contig_610	5
contig_611	6
contig_612	31
contig_613	12
contig_614	11
contig_615	12
contig_616	36
contig_617	46
contig_618	39
contig_619	12
contig_62	1
contig_620	46
contig_621	4
contig_622	40
contig_623	48
contig_624	12
contig_625	34
contig_626	4
contig_627	31
contig_628	26
contig_629	18
contig_63	26
contig_630	29
contig_631	10
contig_632	10
contig_633	1
contig_634	27
contig_635	4
contig_636	46
contig_637	12
contig_638	12
contig_639	46
contig_64	11
contig_640	6
contig_641	16
contig_642	17
contig_643	12
contig_644	38
contig_645	21
contig_646	10
contig_647	31
contig_648	48
contig_649	42
contig_65	3
contig_650	39
contig_651	36
contig_652	8
contig_653	21
contig_654	31
contig_655	19
contig_656	23
contig_657	27
contig_658	1
contig_659	13
contig_66	45
contig_660	14
contig_661	4
contig_662	12
contig_663	24
contig_664	6
contig_665	4
contig_666	36
contig_667	44
contig_668	19
contig_669	45
contig_67	6
contig_670	10
contig_671	7
contig_672	24
contig_673	32
contig_674	44
contig_675	31
contig_676	34
contig_677	1
contig_678	34
contig_679	17
contig_68	13
contig_680	11
contig_681	46
contig_683	12
contig_684	31
contig_685	24
contig_686	5
contig_687	1
contig_688	47
contig_689	20
contig_690	43
contig_691	31
contig_692	48
contig_693	0
contig_694	5
contig_695	46
contig_697	10
contig_698	10
contig_699	21
contig_7	22
contig_70	35
contig_700	14
contig_701	28
contig_702	47
contig_703	12
contig_704	38
contig_705	31
contig_706	17
contig_707	16
contig_708	11
contig_709	0
contig_71	4
contig_710	28
contig_711	45
contig_712	41
contig_713	1
contig_714	3
contig_715	12
contig_716	11
contig_717	28
contig_718	22
contig_719	15
contig_72	34
contig_720	28
contig_721	27
contig_722	4
contig_723	30
contig_725	22
contig_726	41
contig_727	31
contig_728	22
contig_729	26
contig_73	4
contig_730	36
contig_731	40
contig_732	1
contig_733	10
contig_734	26
contig_735	12
contig_736	39
contig_737	31
contig_738	22
contig_739	11
contig_74	13
contig_740	17
contig_741	31
contig_742	7
contig_743	22
contig_744	34
contig_745	11
contig_746	41
contig_747	31
contig_748	3
contig_749	46
contig_75	41
contig_750	19
contig_751	33
contig_752	40
contig_753	24
contig_755	48
contig_756	46
contig_757	47
contig_758	28
contig_759	41
contig_76	22
contig_760	38
contig_761	7
contig_762	13
contig_763	2
contig_764	38
contig_765	1
contig_766	38
contig_767	28
contig_768	31
contig_769	6
contig_77	48
contig_770	21
contig_771	30
contig_772	36
contig_773	26
contig_774	19
contig_775	19
contig_776	38
contig_777	4
contig_778	31
contig_779	6
contig_78	6
contig_780	31
contig_781	29
contig_782	14
contig_783	24
contig_784	4
contig_785	35
contig_786	34
contig_787	44
contig_788	6
contig_789	15
contig_79	30
contig_790	24
contig_791	47
contig_792	48
contig_793	16
contig_794	48
contig_795	7
contig_796	12
contig_797	29
contig_798	18
contig_799	48
contig_8	44
contig_80	9
contig_800	20
contig_801	30
contig_802	29
contig_803	2
contig_804	11
contig_805	26
contig_806	45
contig_807	2
contig_808	11
contig_809	20
contig_81	47
contig_810	26
contig_811	7
contig_812	28
contig_813	10
contig_814	12
contig_815	22
contig_816	22
contig_817	48
contig_818	5
contig_819	33
contig_82	26
contig_820	14
contig_821	11
contig_822	41
contig_823	9
contig_824	38
contig_825	46
contig_826	23
contig_827	11
contig_828	4
contig_829	0
contig_83	13
contig_830	9
contig_831	14
contig_832	7
contig_833	31
contig_834	48
contig_835	23
contig_836	33
contig_837	1
contig_838	4
contig_839	7
contig_84	4
contig_841	12
contig_842	32
contig_843	9
contig_844	16
contig_845	28
contig_846	13
contig_847	30
contig_848	17
contig_849	37
contig_85	22
contig_850	2
contig_851	35
contig_852	36
contig_853	11
contig_854	22
contig_855	14
contig_856	0
contig_857	22
contig_858	10
contig_859	21
contig_86	17
contig_861	10
contig_862	40
contig_863	10
contig_864	10
contig_865	9
contig_866	23
contig_867	17
contig_868	10
contig_869	29
contig_87	28
contig_870	38
contig_871	36
contig_872	32
contig_873	1
contig_874	38
contig_875	34
contig_876	22
contig_877	28
contig_878	31
contig_879	22
contig_88	44
contig_880	43
contig_881	11
contig_882	0
contig_883	1
contig_884	22
contig_885	4
contig_886	44
contig_887	31
contig_888	8
contig_889	12
contig_89	40
contig_890	30
contig_891	36
contig_892	12
contig_893	1
contig_894	43
contig_895	42
contig_896	1
contig_897	40
contig_898	1
contig_899	20
contig_9	13
contig_90	38
contig_900	27
contig_901	6
contig_902	42
contig_903	4
contig_904	1
contig_905	18
contig_906	1
contig_907	32
contig_908	28
contig_909	22
contig_91	10
contig_910	11
contig_911	30
contig_912	12
contig_913	10
contig_914	29
contig_915	20
contig_916	12
contig_917	0
contig_918	49
contig_919	36
contig_92	32
contig_920	14
contig_921	4
contig_922	0
contig_923	31
contig_924	29
contig_925	44
contig_926	46
contig_927	46
contig_928	49
contig_929	9
contig_93	19
contig_930	41
contig_931	24
contig_932	14
contig_933	43
contig_934	14
contig_935	22
contig_936	4
contig_937	36
contig_938	0
contig_939	4
contig_94	36
contig_940	14
contig_941	23
contig_942	19
contig_943	30
contig_944	6
contig_945	48
contig_946	36
contig_947	22
contig_948	30
contig_949	11
contig_95	9
contig_950	30
contig_951	3
contig_952	40
contig_953	21
contig_954	6
contig_955	21
contig_956	10
contig_957	26
contig_958	43
contig_96	10
contig_960	32
contig_961	26
contig_962	31
contig_963	3
contig_964	4
contig_965	11
contig_966	37
contig_967	3
contig_968	10
contig_969	2
contig_97	34
contig_970	37
contig_971	38
contig_972	48
contig_973	5
contig_974	2
contig_976	14
contig_977	32
contig_978	4
contig_979	10
contig_98	13
contig_980	12
contig_981	16
contig_982	1
contig_983	16
contig_984	12
contig_985	12
contig_986	4
contig_987	33
contig_988	3
contig_989	4
contig_99	12
contig_990	30
contig_991	9
contig_992	2
contig_993	11
contig_994	46
contig_995	24
contig_996	19
contig_997	10
contig_998	29
contig_999	41
scaffold_189	49
scaffold_3871	49
